-- 1️외래 키 제약 해제 (MySQL & MariaDB)
SET FOREIGN_KEY_CHECKS = 0;

-- 2️ 하위(참조) 테이블부터 초기화
TRUNCATE TABLE GRADE;
TRUNCATE TABLE ATTENDANCE;
TRUNCATE TABLE EXAM;
TRUNCATE TABLE ENROLLMENT;
TRUNCATE TABLE COURSE;
TRUNCATE TABLE PROFESSOR;
TRUNCATE TABLE STUDENT;
TRUNCATE TABLE SCHOLARSHIP;
TRUNCATE TABLE DEPARTMENT;

-- 3️ 외래 키 제약 다시 활성화
SET FOREIGN_KEY_CHECKS = 1;


-- 학과 (DEPARTMENT) 초기 데이터 삽입
INSERT INTO DEPARTMENT (DEPT_ID, DEPT_NAME) VALUES 
('D01', '컴퓨터공학과'),
('D02', '전자공학과'),
('D03', '기계공학과'),
('D04', '화학공학과'),
('D05', '건축학과'),
('D06', '경영학과'),
('D07', '경제학과'),
('D08', '심리학과'),
('D09', '영어영문학과'),
('D10', '수학과'),
('D11', '물리학과'),
('D12', '생명과학과');


-- 장학금 (SCHOLARSHIP) 초기 데이터 삽입
INSERT INTO SCHOLARSHIP (SCHOLARSHIP_NAME, AMOUNT) VALUES 
('성적 우수 장학금', 1000000),
('가족 장학금', 500000),
('생활 장학금', 300000),
('국제 교환 학생 장학금', 800000),
('기술 혁신 장학금', 600000),
('학문 연구 장학금', 400000),
('봉사 장학금', 200000),
('체육 장학금', 700000),
('문화예술 장학금', 650000),
('산업체 연계 장학금', 900000);


-- 학생 (STUDENT) 초기 데이터 삽입
INSERT INTO STUDENT (STUDENT_ID, STUDENT_NAME, BIRTHDATE, DEPT_ID, EMAIL, PHONE, SCHOLARSHIP_ID) VALUES 
('20230001', '김영희', '2001-06-15', 'D01', 'kimyh@example.com', '010-1934-5678', 1),
('20230002', '이철수', '2000-09-12', 'D02', 'leechul@example.com', '010-9345-6789', 2),
('20230003', '박지은', '1999-04-25', 'D03', 'parkjeun@example.com', '010-3456-7890', 3),
('20230004', '최민수', '2002-03-10', 'D04', 'choi_minsoo@example.com', '010-4567-8901', 4),
('20230005', '장서연', '2001-12-05', 'D05', 'jangsy@example.com', '010-5678-9012', 5),
('20230006', '김상훈', '1998-08-20', 'D06', 'kimsanghun@example.com', '010-6789-0123', 6),
('20230007', '이혜진', '2000-02-14', 'D07', 'leehyejin@example.com', '010-7890-1234', 7),
('20230008', '박주영', '2002-11-22', 'D08', 'parkjuyoung@example.com', '010-8901-2345', 8),
('20230009', '김민석', '1999-01-30', 'D09', 'kimminseok@example.com', '010-9012-3456', 9),
('20230010', '조하나', '2001-05-17', 'D10', 'johanna@example.com', '010-0123-4567', 10),
('20230011', '오지환', '1999-07-09', 'D11', 'ojihwan@example.com', '010-1234-5678', 1),
('20230012', '한서진', '2002-10-25', 'D12', 'hanseojin@example.com', '010-2345-6789', 2),
('20230013', '서지은', '2000-01-15', 'D01', 'seojiun@example.com', '010-1234-5679', 2),
('20230014', '강태호', '2001-11-03', 'D02', 'kangtaeho@example.com', '010-2345-6780', 3),
('20230015', '조민정', '1998-12-11', 'D03', 'jo_minjung@example.com', '010-3456-7891', 4),
('20230016', '이상화', '2000-06-18', 'D04', 'leesanghwa@example.com', '010-4567-8902', 5),
('20230017', '최은혜', '2002-04-22', 'D05', 'choi_eunhye@example.com', '010-5678-9013', 6),
('20230018', '박성훈', '2001-03-07', 'D06', 'parkseonghun@example.com', '010-6789-0124', 7),
('20230019', '김소정', '1999-10-30', 'D07', 'kimsojeong@example.com', '010-7890-1235', 8),
('20230020', '이준호', '2002-02-25', 'D08', 'leejunho@example.com', '010-8901-2346', 9),
('20230021', '송민수', '1999-08-14', 'D09', 'songminsu@example.com', '010-9012-3457', 10),
('20230022', '한지윤', '2001-05-28', 'D10', 'hanjiyun@example.com', '010-0123-4568', 1),
('20230023', '김유리', '2000-07-14', 'D01', 'kimyuri@example.com', '010-1234-5680', 2),
('20230024', '박상훈', '2001-02-08', 'D02', 'parksanghoon@example.com', '010-2345-6781', 3),
('20230025', '정수연', '1999-05-19', 'D03', 'jeongsuyeon@example.com', '010-3456-7892', 4),
('20230026', '조현진', '2002-12-05', 'D04', 'johyeonjin@example.com', '010-4567-8903', 5),
('20230027', '김민지', '2000-03-22', 'D05', 'kimminji@example.com', '010-5678-9014', 6),
('20230028', '이성진', '2001-08-17', 'D06', 'leesungjin@example.com', '010-6789-0125', 7),
('20230029', '이하늘', '2002-01-11', 'D07', 'leehaneul@example.com', '010-7890-1236', 8),
('20230030', '박현주', '2000-10-02', 'D08', 'parkhyunju@example.com', '010-8901-2347', 9),
('20230031', '유지민', '1999-11-23', 'D09', 'yujimin@example.com', '010-9012-3458', 10),
('20230032', '한은지', '2001-06-09', 'D10', 'hanunji@example.com', '010-0123-4569', 1),
('20230033', '서경수', '2001-02-19', 'D01', 'seokyungsoo@example.com', '010-1234-5681', 2),
('20230034', '장정호', '2002-05-12', 'D02', 'jangjeongho@example.com', '010-2345-6782', 3),
('20230035', '한영은', '2000-11-23', 'D03', 'hanyeongeun@example.com', '010-3456-7893', 4),
('20230036', '오수민', '1999-03-09', 'D04', 'ohsumin@example.com', '010-4567-8904', 5),
('20230037', '정소희', '2001-07-21', 'D05', 'jeongsohee@example.com', '010-5678-9015', 6),
('20230038', '강미현', '2002-04-04', 'D06', 'kangmihyun@example.com', '010-6789-0126', 7),
('20230039', '윤현진', '2001-09-30', 'D07', 'yunhyeonjin@example.com', '010-7890-1237', 8),
('20230040', '이수지', '2000-06-25', 'D08', 'leesooji@example.com', '010-8901-2348', 9),
('20230041', '박지수', '2002-08-01', 'D09', 'parkjisoo@example.com', '010-9012-3459', 10),
('20230042', '김세진', '2001-01-17', 'D10', 'kimsejin@example.com', '010-0123-4570', 1), 
('20230043', '유다영', '2002-05-22', 'D01', 'yudaeyoung@example.com', '010-1234-5682', 2),
('20230044', '장원석', '2001-07-10', 'D02', 'jangwseok@example.com', '010-2345-6783', 3),
('20230045', '이상훈', '2000-09-05', 'D03', 'leeshanghoon@example.com', '010-3456-7894', 4),
('20230046', '고윤희', '2002-12-02', 'D04', 'goyunhee@example.com', '010-4567-8905', 5),
('20230047', '조희진', '2001-04-18', 'D05', 'joheejin@example.com', '010-5678-9016', 6),
('20230048', '박주환', '2000-03-30', 'D06', 'parkjuhwan@example.com', '010-6789-0127', 7),
('20230049', '이시영', '2001-08-19', 'D07', 'leeshiyoung@example.com', '010-7890-1238', 8),
('20230050', '오하나', '2002-11-04', 'D08', 'ohhana@example.com', '010-8901-2349', 9),
('20230051', '임찬수', '2000-06-01', 'D09', 'imchansu@example.com', '010-9012-3460', 10),
('20230052', '한민규', '2002-03-26', 'D10', 'hanmingyu@example.com', '010-0123-4571', 1),
('20230053', '이종석', '2001-01-25', 'D11', 'leejs@example.com', '010-1234-5683', 2),
('20230054', '박찬호', '2002-07-11', 'D11', 'parkchh@example.com', '010-2345-6784', 3),
('20230055', '김유빈', '2000-12-17', 'D11', 'kimyubin@example.com', '010-3456-7895', 4),
('20230056', '조영호', '2001-09-06', 'D11', 'jo_youngho@example.com', '010-4567-8906', 5),
('20230057', '한승연', '2002-02-01', 'D11', 'hansy@example.com', '010-5678-9017', 6),
('20230058', '김나영', '2000-10-14', 'D12', 'kimny@example.com', '010-6789-0128', 7),
('20230059', '박소연', '2002-01-30', 'D12', 'parksoyeon@example.com', '010-7890-1239', 8),
('20230060', '정지훈', '2001-04-20', 'D12', 'jeongjihun@example.com', '010-8901-2350', 9),
('20230061', '이경민', '2002-11-25', 'D12', 'leekyungmin@example.com', '010-9012-3461', 10),
('20230062', '홍주현', '2000-05-10', 'D12', 'hongjh@example.com', '010-0123-4572', 1);


-- 교수 (PROFESSOR) 초기 데이터 삽입
INSERT INTO PROFESSOR (PROF_ID, PROF_NAME, DEPT_ID, EMAIL, PHONE) VALUES 
('P001', '홍길동', 'D01', 'hongkd@example.com', '010-1111-2222'),
('P002', '김철수', 'D02', 'kimcs@example.com', '010-2222-3333'),
('P003', '이영희', 'D03', 'leeyh@example.com', '010-3333-4444'),
('P004', '박민수', 'D04', 'parkms@example.com', '010-4444-5555'),
('P005', '최서윤', 'D05', 'choisy@example.com', '010-5555-6666'),
('P006', '정은지', 'D06', 'jeongez@example.com', '010-6666-7777'),
('P007', '강민재', 'D07', 'kangmj@example.com', '010-7777-8888'),
('P008', '윤지훈', 'D08', 'yunjh@example.com', '010-8888-9999'),
('P009', '김서현', 'D09', 'kimsh@example.com', '010-9999-0000'),
('P010', '장아름', 'D10', 'jangar@example.com', '010-0000-1111'),
('P011', '이준호', 'D01', 'leejunho@example.com', '010-1111-2223'),
('P012', '최민지', 'D02', 'choiminji@example.com', '010-2222-3334'),
('P013', '홍성민', 'D03', 'hongseongmin@example.com', '010-3333-4445'),
('P014', '정아름', 'D04', 'jeongareum@example.com', '010-4444-5556'),
('P015', '강지훈', 'D05', 'kangjihun@example.com', '010-5555-6667'),
('P016', '박민호', 'D06', 'parkminho@example.com', '010-6666-7778'),
('P017', '이경희', 'D07', 'leekyunghee@example.com', '010-7777-8889'),
('P018', '조하영', 'D08', 'johahyoung@example.com', '010-8888-9990'),
('P019', '김도현', 'D09', 'kimdohyun@example.com', '010-9999-0001'),
('P020', '한지영', 'D10', 'hanjiyeong@example.com', '010-0000-1112'),
('P021', '김철수', 'D11', 'kimcs_physics@example.com', '010-1111-2224'),
('P022', '이혜영', 'D11', 'leehy_physics@example.com', '010-2222-3335'),
('P023', '한경희', 'D12', 'hankh_bio@example.com', '010-1111-2225'),
('P024', '송민경', 'D12', 'songmk_bio@example.com', '010-2222-3336');


-- 강의 (COURSE) 초기 데이터 삽입
INSERT INTO COURSE (COURSE_ID, COURSE_NAME, CREDITS, DEPT_ID, PROF_ID, SEMESTER) VALUES 
-- 컴퓨터공학과 (D01)
('CS101', '컴퓨터 프로그래밍 기초', 3, 'D01', 'P001', '202301'),
('CS102', '자료구조', 3, 'D01', 'P011', '202302'),
-- 전자공학과 (D02)
('EE101', '회로이론', 3, 'D02', 'P002', '202301'),
('EE102', '전자기학', 3, 'D02', 'P012', '202302'),
-- 기계공학과 (D03)
('ME101', '기계 설계', 3, 'D03', 'P003', '202301'),
('ME102', '열역학', 3, 'D03', 'P013', '202302'),
-- 화학공학과 (D04)
('CE101', '화학공학 기초', 3, 'D04', 'P004', '202301'),
('CE102', '유체역학', 3, 'D04', 'P014', '202302'),
-- 건축학과 (D05)
('AR101', '건축 설계 기초', 3, 'D05', 'P005', '202301'),
('AR102', '건축 재료', 3, 'D05', 'P015', '202302'),
-- 경영학과 (D06)
('BM101', '경영학 원론', 3, 'D06', 'P006', '202301'),
('BM102', '마케팅 이론', 3, 'D06', 'P016', '202302'),
-- 경제학과 (D07)
('EC101', '미시경제학', 3, 'D07', 'P007', '202301'),
('EC102', '거시경제학', 3, 'D07', 'P017', '202302'),
-- 심리학과 (D08)
('PS101', '심리학 개론', 3, 'D08', 'P008', '202301'),
('PS102', '발달심리학', 3, 'D08', 'P018', '202302'),
-- 영어영문학과 (D09)
('EN101', '영어 작문', 3, 'D09', 'P009', '202301'),
('EN102', '영미 문학', 3, 'D09', 'P019', '202302'),
-- 수학과 (D10)
('MA101', '미적분학 I', 3, 'D10', 'P010', '202301'),
('MA102', '선형대수학', 3, 'D10', 'P020', '202302'),
-- 물리학과 (D11)
('PH101', '고전역학', 3, 'D11', 'P021', '202301'),
('PH102', '양자역학', 3, 'D11', 'P022', '202302'),
-- 생명과학과 (D12)
('BI101', '생명과학 기초', 3, 'D12', 'P023', '202301'),
('BI102', '유전학', 3, 'D12', 'P024', '202302');


-- 시험 (EXAM) 초기 데이터 삽입
INSERT INTO EXAM (EXAM_ID, COURSE_ID, EXAM_DATE, EXAM_TYPE) VALUES
-- 컴퓨터공학과 (D01)
(1, 'CS101', '2023-05-15', 'Midterm'),
(2, 'CS101', '2023-12-10', 'Final'),
(3, 'CS102', '2023-06-20', 'Midterm'),
(4, 'CS102', '2023-12-15', 'Final'),
-- 전자공학과 (D02)
(5, 'EE101', '2023-05-10', 'Midterm'),
(6, 'EE101', '2023-12-05', 'Final'),
(7, 'EE102', '2023-06-25', 'Midterm'),
(8, 'EE102', '2023-12-18', 'Final'),
-- 기계공학과 (D03)
(9, 'ME101', '2023-05-18', 'Midterm'),
(10, 'ME101', '2023-12-12', 'Final'),
(11, 'ME102', '2023-06-10', 'Midterm'),
(12, 'ME102', '2023-12-20', 'Final'),
-- 화학공학과 (D04)
(13, 'CE101', '2023-05-22', 'Midterm'),
(14, 'CE101', '2023-12-08', 'Final'),
(15, 'CE102', '2023-06-15', 'Midterm'),
(16, 'CE102', '2023-12-22', 'Final'),
-- 건축학과 (D05)
(17, 'AR101', '2023-05-17', 'Midterm'),
(18, 'AR101', '2023-12-07', 'Final'),
(19, 'AR102', '2023-06-12', 'Midterm'),
(20, 'AR102', '2023-12-18', 'Final'),
-- 경영학과 (D06)
(21, 'BM101', '2023-05-25', 'Midterm'),
(22, 'BM101', '2023-12-10', 'Final'),
(23, 'BM102', '2023-06-22', 'Midterm'),
(24, 'BM102', '2023-12-14', 'Final'),
-- 경제학과 (D07)
(25, 'EC101', '2023-05-12', 'Midterm'),
(26, 'EC101', '2023-12-08', 'Final'),
(27, 'EC102', '2023-06-18', 'Midterm'),
(28, 'EC102', '2023-12-20', 'Final'),
-- 심리학과 (D08)
(29, 'PS101', '2023-05-30', 'Midterm'),
(30, 'PS101', '2023-12-10', 'Final'),
(31, 'PS102', '2023-06-25', 'Midterm'),
(32, 'PS102', '2023-12-15', 'Final'),
-- 영어영문학과 (D09)
(33, 'EN101', '2023-05-28', 'Midterm'),
(34, 'EN101', '2023-12-05', 'Final'),
(35, 'EN102', '2023-06-12', 'Midterm'),
(36, 'EN102', '2023-12-22', 'Final'),
-- 수학과 (D10)
(37, 'MA101', '2023-05-14', 'Midterm'),
(38, 'MA101', '2023-12-11', 'Final'),
(39, 'MA102', '2023-06-16', 'Midterm'),
(40, 'MA102', '2023-12-18', 'Final'),
-- 물리학과 (D11)
(41, 'PH101', '2023-05-20', 'Midterm'),
(42, 'PH101', '2023-12-05', 'Final'),
(43, 'PH102', '2023-06-10', 'Midterm'),
(44, 'PH102', '2023-12-17', 'Final'),
-- 생명과학과 (D12)
(45, 'BI101', '2023-05-15', 'Midterm'),
(46, 'BI101', '2023-12-08', 'Final'),
(47, 'BI102', '2023-06-18', 'Midterm'),
(48, 'BI102', '2023-12-21', 'Final');


-- 수강 신청 (ENROLLMENT) 초기 데이터 삽입
INSERT INTO ENROLLMENT (STUDENT_ID, COURSE_ID, SEMESTER) VALUES 
-- 컴퓨터공학과 (D01) 학생
('20230001', 'CS101', '2023-1'),
('20230001', 'CS102', '2023-2'),
('20230013', 'CS101', '2023-1'),
('20230013', 'CS102', '2023-2'),
('20230023', 'CS101', '2023-1'),
('20230023', 'CS102', '2023-2'),
-- 전자공학과 (D02) 학생
('20230002', 'EE101', '2023-1'),
('20230002', 'EE102', '2023-2'),
('20230014', 'EE101', '2023-1'),
('20230014', 'EE102', '2023-2'),
('20230024', 'EE101', '2023-1'),
('20230024', 'EE102', '2023-2'),
-- 기계공학과 (D03) 학생
('20230003', 'ME101', '2023-1'),
('20230003', 'ME102', '2023-2'),
('20230015', 'ME101', '2023-1'),
('20230015', 'ME102', '2023-2'),
('20230025', 'ME101', '2023-1'),
('20230025', 'ME102', '2023-2'),
-- 화학공학과 (D04) 학생
('20230004', 'CE101', '2023-1'),
('20230004', 'CE102', '2023-2'),
('20230016', 'CE101', '2023-1'),
('20230016', 'CE102', '2023-2'),
('20230026', 'CE101', '2023-1'),
('20230026', 'CE102', '2023-2'),
-- 건축학과 (D05) 학생
('20230005', 'AR101', '2023-1'),
('20230005', 'AR102', '2023-2'),
('20230017', 'AR101', '2023-1'),
('20230017', 'AR102', '2023-2'),
('20230027', 'AR101', '2023-1'),
('20230027', 'AR102', '2023-2'),
-- 경영학과 (D06) 학생
('20230006', 'BM101', '2023-1'),
('20230006', 'BM102', '2023-2'),
('20230018', 'BM101', '2023-1'),
('20230018', 'BM102', '2023-2'),
('20230028', 'BM101', '2023-1'),
('20230028', 'BM102', '2023-2'),
-- 경제학과 (D07) 학생
('20230007', 'EC101', '2023-1'),
('20230007', 'EC102', '2023-2'),
('20230019', 'EC101', '2023-1'),
('20230019', 'EC102', '2023-2'),
('20230029', 'EC101', '2023-1'),
('20230029', 'EC102', '2023-2'),
-- 심리학과 (D08) 학생
('20230008', 'PS101', '2023-1'),
('20230008', 'PS102', '2023-2'),
('20230020', 'PS101', '2023-1'),
('20230020', 'PS102', '2023-2'),
('20230030', 'PS101', '2023-1'),
('20230030', 'PS102', '2023-2'),
-- 영어영문학과 (D09) 학생
('20230009', 'EN101', '2023-1'),
('20230009', 'EN102', '2023-2'),
('20230021', 'EN101', '2023-1'),
('20230021', 'EN102', '2023-2'),
('20230031', 'EN101', '2023-1'),
('20230031', 'EN102', '2023-2'),
-- 수학과 (D10) 학생
('20230010', 'MA101', '2023-1'),
('20230010', 'MA102', '2023-2'),
('20230022', 'MA101', '2023-1'),
('20230022', 'MA102', '2023-2'),
('20230032', 'MA101', '2023-1'),
('20230032', 'MA102', '2023-2'),
-- 물리학과 (D11) 학생
('20230053', 'PH101', '2023-1'),
('20230053', 'PH102', '2023-2'),
('20230054', 'PH101', '2023-1'),
('20230054', 'PH102', '2023-2'),
('20230055', 'PH101', '2023-1'),
('20230055', 'PH102', '2023-2'),
-- 생명과학과 (D12) 학생
('20230058', 'BI101', '2023-1'),
('20230058', 'BI102', '2023-2'),
('20230059', 'BI101', '2023-1'),
('20230059', 'BI102', '2023-2'),
('20230060', 'BI101', '2023-1'),
('20230060', 'BI102', '2023-2');


-- 출석 (ATTENDANCE) 초기 데이터 삽입
INSERT INTO ATTENDANCE (STUDENT_ID, COURSE_ID, ATTEND_DATE, STATUS) VALUES
-- 컴퓨터공학과 (D01) 학생
('20230001', 'CS101', '2023-03-01', 'Present'),
('20230001', 'CS101', '2023-03-08', 'Absent'),
('20230001', 'CS101', '2023-03-15', 'Late'),
('20230001', 'CS102', '2023-05-01', 'Present'),
('20230001', 'CS102', '2023-05-08', 'Late'),
-- 전자공학과 (D02) 학생
('20230002', 'EE101', '2023-03-02', 'Present'),
('20230002', 'EE101', '2023-03-09', 'Absent'),
('20230002', 'EE102', '2023-05-03', 'Present'),
('20230002', 'EE102', '2023-05-10', 'Late'),
-- 기계공학과 (D03) 학생
('20230003', 'ME101', '2023-03-03', 'Late'),
('20230003', 'ME101', '2023-03-10', 'Present'),
('20230003', 'ME102', '2023-05-05', 'Present'),
('20230003', 'ME102', '2023-05-12', 'Absent'),
-- 화학공학과 (D04) 학생
('20230004', 'CE101', '2023-03-04', 'Present'),
('20230004', 'CE101', '2023-03-11', 'Absent'),
('20230004', 'CE102', '2023-05-06', 'Present'),
('20230004', 'CE102', '2023-05-13', 'Late'),
-- 건축학과 (D05) 학생
('20230005', 'AR101', '2023-03-05', 'Late'),
('20230005', 'AR101', '2023-03-12', 'Present'),
('20230005', 'AR102', '2023-05-07', 'Absent'),
('20230005', 'AR102', '2023-05-14', 'Present'),
-- 경영학과 (D06) 학생
('20230006', 'BM101', '2023-03-06', 'Present'),
('20230006', 'BM101', '2023-03-13', 'Absent'),
('20230006', 'BM102', '2023-05-08', 'Late'),
('20230006', 'BM102', '2023-05-15', 'Present'),
-- 경제학과 (D07) 학생
('20230007', 'EC101', '2023-03-07', 'Present'),
('20230007', 'EC101', '2023-03-14', 'Absent'),
('20230007', 'EC102', '2023-05-09', 'Present'),
('20230007', 'EC102', '2023-05-16', 'Late'),
-- 심리학과 (D08) 학생
('20230008', 'PS101', '2023-03-08', 'Present'),
('20230008', 'PS101', '2023-03-15', 'Absent'),
('20230008', 'PS102', '2023-05-10', 'Present'),
('20230008', 'PS102', '2023-05-17', 'Late'),
-- 영어영문학과 (D09) 학생
('20230009', 'EN101', '2023-03-09', 'Present'),
('20230009', 'EN101', '2023-03-16', 'Absent'),
('20230009', 'EN102', '2023-05-11', 'Late'),
('20230009', 'EN102', '2023-05-18', 'Present'),
-- 수학과 (D10) 학생
('20230010', 'MA101', '2023-03-10', 'Present'),
('20230010', 'MA101', '2023-03-17', 'Absent'),
('20230010', 'MA102', '2023-05-12', 'Late'),
('20230010', 'MA102', '2023-05-19', 'Present'),
-- 물리학과 (D11) 학생
('20230053', 'PH101', '2023-03-11', 'Late'),
('20230053', 'PH101', '2023-03-18', 'Present'),
('20230053', 'PH102', '2023-05-13', 'Absent'),
('20230053', 'PH102', '2023-05-20', 'Present'),
-- 생명과학과 (D12) 학생
('20230058', 'BI101', '2023-03-12', 'Present'),
('20230058', 'BI101', '2023-03-19', 'Absent'),
('20230058', 'BI102', '2023-05-14', 'Late'),
('20230058', 'BI102', '2023-05-21', 'Present');


-- 성적 (GRADE) 초기 데이터 삽입
INSERT INTO GRADE (STUDENT_ID, COURSE_ID, MID_TERM, FINAL_TERM) VALUES
-- 컴퓨터공학과 (D01) 학생
('20230001', 'CS101', 85, 90),
('20230001', 'CS102', 80, 85),
('20230013', 'CS101', 70, 75),
('20230013', 'CS102', 65, 70),
('20230023', 'CS101', 90, 95),
('20230023', 'CS102', 85, 90),
-- 전자공학과 (D02) 학생
('20230002', 'EE101', 75, 80),
('20230002', 'EE102', 70, 75),
('20230014', 'EE101', 65, 70),
('20230014', 'EE102', 60, 65),
('20230024', 'EE101', 85, 90),
('20230024', 'EE102', 80, 85),
-- 기계공학과 (D03) 학생
('20230003', 'ME101', 80, 85),
('20230003', 'ME102', 75, 80),
('20230015', 'ME101', 70, 75),
('20230015', 'ME102', 65, 70),
('20230025', 'ME101', 90, 95),
('20230025', 'ME102', 85, 90),
-- 화학공학과 (D04) 학생
('20230004', 'CE101', 75, 80),
('20230004', 'CE102', 70, 75),
('20230016', 'CE101', 80, 85),
('20230016', 'CE102', 75, 80),
('20230026', 'CE101', 90, 95),
('20230026', 'CE102', 85, 90),
-- 건축학과 (D05) 학생
('20230005', 'AR101', 85, 90),
('20230005', 'AR102', 80, 85),
('20230017', 'AR101', 70, 75),
('20230017', 'AR102', 65, 70),
('20230027', 'AR101', 90, 95),
('20230027', 'AR102', 85, 90),
-- 경영학과 (D06) 학생
('20230006', 'BM101', 75, 80),
('20230006', 'BM102', 70, 75),
('20230018', 'BM101', 80, 85),
('20230018', 'BM102', 75, 80),
('20230028', 'BM101', 90, 95),
('20230028', 'BM102', 85, 90),
-- 경제학과 (D07) 학생
('20230007', 'EC101', 80, 85),
('20230007', 'EC102', 75, 80),
('20230019', 'EC101', 70, 75),
('20230019', 'EC102', 65, 70),
('20230029', 'EC101', 90, 95),
('20230029', 'EC102', 85, 90),
-- 심리학과 (D08) 학생
('20230008', 'PS101', 75, 80),
('20230008', 'PS102', 70, 75),
('20230020', 'PS101', 80, 85),
('20230020', 'PS102', 75, 80),
('20230030', 'PS101', 90, 95),
('20230030', 'PS102', 85, 90),
-- 영어영문학과 (D09) 학생
('20230009', 'EN101', 80, 85),
('20230009', 'EN102', 75, 80),
('20230021', 'EN101', 70, 75),
('20230021', 'EN102', 65, 70),
('20230031', 'EN101', 90, 95),
('20230031', 'EN102', 85, 90),
-- 수학과 (D10) 학생
('20230010', 'MA101', 85, 90),
('20230010', 'MA102', 80, 85),
('20230022', 'MA101', 75, 80),
('20230022', 'MA102', 70, 75),
('20230032', 'MA101', 90, 95),
('20230032', 'MA102', 85, 90),
-- 물리학과 (D11) 학생
('20230053', 'PH101', 75, 80),
('20230053', 'PH102', 70, 75),
('20230054', 'PH101', 80, 85),
('20230054', 'PH102', 75, 80),
('20230055', 'PH101', 90, 95),
('20230055', 'PH102', 85, 90),
-- 생명과학과 (D12) 학생
('20230058', 'BI101', 85, 90),
('20230058', 'BI102', 80, 85),
('20230059', 'BI101', 75, 80),
('20230059', 'BI102', 70, 75),
('20230060', 'BI101', 90, 95),
('20230060', 'BI102', 85, 90);